{
  "name": "Illaoi",
  "attackType": "MELEE",
  "adaptiveType": "PHYSICAL_DAMAGE",
  "stats": {
    "health": {
      "flat": 656.0,
      "perLevel": 115.0
    },
    "mana": {
      "flat": 350.0,
      "perLevel": 50.0
    },
    "armor": {
      "flat": 35.0,
      "perLevel": 5.0
    },
    "magicResistance": {
      "flat": 32.0,
      "perLevel": 2.05
    },
    "attackDamage": {
      "flat": 65.0,
      "perLevel": 5.0
    },
    "attackSpeed": {
      "flat": 0.625,
      "perLevel": 2.5
    },
    "movespeed": {
      "flat": 350.0,
      "perLevel": 0.0
    },
    "criticalStrikeDamage": {
      "flat": 175.0,
      "perLevel": 0.0
    },
    "criticalStrikeDamageModifier": {
      "flat": 1.0,
      "perLevel": 0.0
    },
    "attackSpeedRatio": {
      "flat": 0.625,
      "perLevel": 0.0
    },
    "attackRange": {
      "flat": 125.0,
      "perLevel": 0.0
    },
    "aramDamageTaken": {
      "flat": 1.05,
      "perLevel": 0.0
    },
    "aramDamageDealt": {
      "flat": 0.95,
      "perLevel": 0.0
    },
    "urfDamageTaken": {
      "flat": 0.9,
      "perLevel": 0.0
    },
    "urfDamageDealt": {
      "flat": 1.0,
      "perLevel": 0.0
    }
  },
  "abilities": {
    "P": [
      {
        "cooldown": {
          "attribute": null,
          "modifiers": [
            {
              "units": [
                "",
                "",
                "",
                "",
                "",
                "",
                "",
                "",
                "",
                "",
                "",
                "",
                "",
                "",
                "",
                "",
                "",
                ""
              ],
              "values": [
                18.0,
                17.352941176470587,
                16.705882352941178,
                16.058823529411764,
                15.411764705882351,
                14.764705882352942,
                14.117647058823527,
                13.470588235294118,
                12.823529411764708,
                12.176470588235292,
                11.529411764705882,
                10.882352941176473,
                10.235294117647058,
                9.588235294117649,
                8.941176470588236,
                8.294117647058822,
                7.647058823529411,
                7.0
              ]
            }
          ]
        },
        "damageType": "PHYSICAL_DAMAGE",
        "effects": [
          {
            "description": "Each Tentacle also heals Illaoi for 5% of her missing health if it hits at least one enemy champion.",
            "leveling": []
          },
          {
            "description": "Innate: Periodically, Illaoi spawns a Tentacle on the nearest terrain, if no other Tentacle is around it. Tentacles fully spawn after a 2 second delay and are untargetable in the meantime.",
            "leveling": []
          },
          {
            "description": "See Pets for more details about Tentacles.",
            "leveling": []
          },
          {
            "description": "Tentacles are commanded to attack by Illaoi's abilities, dealing 9 : 162 (based on level) (+ 110% AD) (+ 40% AP) physical damage to all enemies struck, increased by 0% : 30% (based on Tentacle Smash's rank).Each enemy individually reduces the slam damage by 50% for every slam they were hit by in the last 0.66 seconds, capped at 75% less damage.",
            "leveling": []
          }
        ],
        "name": "Prophet of an Elder God"
      }
    ],
    "Q": [
      {
        "cooldown": {
          "attribute": null,
          "modifiers": [
            {
              "units": [
                "",
                "",
                "",
                "",
                ""
              ],
              "values": [
                10.0,
                9.0,
                8.0,
                7.0,
                6.0
              ]
            }
          ]
        },
        "damageType": "PHYSICAL_DAMAGE",
        "effects": [
          {
            "description": "Active: Illaoi slams down a Tentacle in the target direction.",
            "leveling": []
          },
          {
            "description": "Illaoi reveals herself during the cast if there is an enemy champion nearby.",
            "leveling": []
          },
          {
            "description": "Passive: Tentacle damage is increased.",
            "leveling": [
              {
                "attribute": "Damage Increase",
                "modifiers": [
                  {
                    "units": [
                      "%",
                      "%",
                      "%",
                      "%",
                      "%"
                    ],
                    "values": [
                      10.0,
                      15.0,
                      20.0,
                      25.0,
                      30.0
                    ]
                  }
                ]
              }
            ]
          }
        ],
        "name": "Tentacle Smash"
      }
    ],
    "W": [
      {
        "cooldown": {
          "attribute": null,
          "modifiers": [
            {
              "units": [
                "",
                "",
                "",
                "",
                ""
              ],
              "values": [
                4.0,
                4.0,
                4.0,
                4.0,
                4.0
              ]
            }
          ]
        },
        "damageType": "PHYSICAL_DAMAGE",
        "effects": [
          {
            "description": "Active: Illaoi empowers her next basic attack within 6 seconds to gain 225 bonus range and cause her to leap to the target's location if they are beyond her normal basic attack range.",
            "leveling": []
          },
          {
            "description": "Harsh Lesson can be activated during Illaoi's other abilities.",
            "leveling": []
          },
          {
            "description": "Harsh Lesson resets Illaoi's basic attack timer.",
            "leveling": []
          },
          {
            "description": "The attack deals additional physical damage, with a minimum threshold, and capped at 300 against non-champions, and commands all Tentacles in range to attack the target. The minimum additional damage can also be applied against turrets.",
            "leveling": [
              {
                "attribute": "Additional Physical Damage",
                "modifiers": [
                  {
                    "units": [
                      "%  of target's maximum health",
                      "%  of target's maximum health",
                      "%  of target's maximum health",
                      "%  of target's maximum health",
                      "%  of target's maximum health"
                    ],
                    "values": [
                      3.0,
                      3.5,
                      4.0,
                      4.5,
                      5.0
                    ]
                  },
                  {
                    "units": [
                      "% per 100 AD",
                      "% per 100 AD",
                      "% per 100 AD",
                      "% per 100 AD",
                      "% per 100 AD"
                    ],
                    "values": [
                      3.5,
                      3.5,
                      3.5,
                      3.5,
                      3.5
                    ]
                  }
                ]
              },
              {
                "attribute": "Minimum Physical Damage",
                "modifiers": [
                  {
                    "units": [
                      "",
                      "",
                      "",
                      "",
                      ""
                    ],