{
  "name": "Maokai",
  "attackType": "MELEE",
  "adaptiveType": "MAGIC_DAMAGE",
  "stats": {
    "health": {
      "flat": 665.0,
      "perLevel": 109.0
    },
    "mana": {
      "flat": 375.0,
      "perLevel": 43.0
    },
    "armor": {
      "flat": 35.0,
      "perLevel": 5.2
    },
    "magicResistance": {
      "flat": 32.0,
      "perLevel": 2.05
    },
    "attackDamage": {
      "flat": 64.0,
      "perLevel": 3.3
    },
    "attackSpeed": {
      "flat": 0.8,
      "perLevel": 2.125
    },
    "movespeed": {
      "flat": 335.0,
      "perLevel": 0.0
    },
    "criticalStrikeDamage": {
      "flat": 175.0,
      "perLevel": 0.0
    },
    "criticalStrikeDamageModifier": {
      "flat": 1.0,
      "perLevel": 0.0
    },
    "attackSpeedRatio": {
      "flat": 0.694999992847442,
      "perLevel": 0.0
    },
    "attackRange": {
      "flat": 125.0,
      "perLevel": 0.0
    },
    "aramDamageTaken": {
      "flat": 1.1,
      "perLevel": 0.0
    },
    "aramDamageDealt": {
      "flat": 0.85,
      "perLevel": 0.0
    },
    "urfDamageTaken": {
      "flat": 1.05,
      "perLevel": 0.0
    },
    "urfDamageDealt": {
      "flat": 1.0,
      "perLevel": 0.0
    }
  },
  "abilities": {
    "P": [
      {
        "cooldown": {
          "attribute": null,
          "modifiers": [
            {
              "units": [
                "",
                "",
                "",
                "",
                "",
                "",
                "",
                "",
                "",
                "",
                "",
                "",
                "",
                "",
                "",
                "",
                "",
                ""
              ],
              "values": [
                30.0,
                29.41176470588235,
                28.823529411764707,
                28.235294117647054,
                27.647058823529413,
                27.058823529411764,
                26.470588235294116,
                25.88235294117647,
                25.294117647058822,
                24.705882352941178,
                24.11764705882353,
                23.529411764705884,
                22.941176470588236,
                22.352941176470587,
                21.764705882352946,
                21.176470588235293,
                20.588235294117645,
                20.0
              ]
            }
          ]
        },
        "damageType": null,
        "effects": [
          {
            "description": "Each time Maokai casts an ability, hits at least one enemy champion or epic monster with Sapling Toss, or is struck by an enemy's ability, Sap Magic's cooldown is reduced by 4 seconds, modified to 1.5 if he is hit by a large monster's basic attack or ability.",
            "leveling": []
          },
          {
            "description": "Innate: Periodically, Maokai empowers his next basic attack to have an uncancellable windup and heal him for 4% : 12.8% (based on level) maximum health after a 0.25-second delay.",
            "leveling": []
          },
          {
            "description": "Sap Magic resets Maokai's basic attack timer, and will not trigger if he is above 95% maximum health.",
            "leveling": []
          }
        ],
        "name": "Sap Magic"
      }
    ],
    "Q": [
      {
        "cooldown": {
          "attribute": null,
          "modifiers": [
            {
              "units": [
                "",
                "",
                "",
                "",
                ""
              ],
              "values": [
                7.0,
                6.5,
                6.0,
                5.5,
                5.0
              ]
            }
          ]
        },
        "damageType": "MAGIC_DAMAGE",
        "effects": [
          {
            "description": "Active: Maokai sends a shockwave in the target direction that deals magic damage to enemies hit and slows them by 99% for 0.25 seconds. Bramble Smash deals bonus magic damage to monsters.",
            "leveling": [
              {
                "attribute": "Bonus Monster Damage",
                "modifiers": [
                  {
                    "units": [
                      "",
                      "",
                      "",
                      "",
                      ""
                    ],
                    "values": [
                      120.0,
                      130.0,
                      140.0,
                      150.0,
                      160.0
                    ]
                  }
                ]
              },
              {
                "attribute": "Magic Damage",
                "modifiers": [
                  {
                    "units": [
                      "",
                      "",
                      "",
                      "",
                      ""
                    ],
                    "values": [
                      65.0,
                      110.0,
                      155.0,
                      200.0,
                      245.0
                    ]
                  },
                  {
                    "units": [
                      "% of the target's maximum health",
                      "% of the target's maximum health",
                      "% of the target's maximum health",
                      "% of the target's maximum health",
                      "% of the target's maximum health"
                    ],
                    "values": [
                      2.0,
                      2.5,
                      3.0,
                      3.5,
                      4.0
                    ]
                  },
                  {
                    "units": [
                      "% AP",
                      "% AP",
                      "% AP",
                      "% AP",
                      "% AP"
                    ],
                    "values": [
                      40.0,
                      40.0,
                      40.0,
                      40.0,
                      40.0
                    ]
                  }
                ]
              },
              {
                "attribute": "Total Monster Damage",
                "modifiers": [
                  {
                    "units": [
                      "",
                      "",
                      "",
                      "",
                      ""
                    ],
                    "values": [
                      185.0,
                      240.0,
                      295.0,
                      350.0,
                      405.0
                    ]
                  },
                  {
                    "units": [
                      "% of the target's maximum health",
                      "% of the target's maximum health",
                      "% of the target's maximum health",
                      "% of the target's maximum health",
                      "% of the target's maximum health"
                    ],
                    "values": [
                      2.0,
                      2.5,
                      3.0,
                      3.5,
                      4.0
                    ]
                  },
                  {
                    "units": [
                      "% AP",
                      "% AP",
                      "% AP",
                      "% AP",
                      "% AP"
                    ],
                    "values": [
                      40.0,
                      40.0,
                      40.0,
                      40.0,
                      40.0
                    ]
                  }
                ]
              }
            ]
          },
          {
            "description": "Enemies near Maokai are also stunned for 0.5 seconds and knocked back up to 300 units based on their proximity to him.",
            "leveling": []
          }
        ],