{
  "name": "Vi",
  "attackType": "MELEE",
  "adaptiveType": "PHYSICAL_DAMAGE",
  "stats": {
    "health": {
      "flat": 655.0,
      "perLevel": 99.0
    },
    "mana": {
      "flat": 295.0,
      "perLevel": 65.0
    },
    "armor": {
      "flat": 30.0,
      "perLevel": 4.7
    },
    "magicResistance": {
      "flat": 32.0,
      "perLevel": 2.05
    },
    "attackDamage": {
      "flat": 63.0,
      "perLevel": 3.0
    },
    "attackSpeed": {
      "flat": 0.644,
      "perLevel": 2.0
    },
    "movespeed": {
      "flat": 340.0,
      "perLevel": 0.0
    },
    "criticalStrikeDamage": {
      "flat": 175.0,
      "perLevel": 0.0
    },
    "criticalStrikeDamageModifier": {
      "flat": 1.0,
      "perLevel": 0.0
    },
    "attackSpeedRatio": {
      "flat": 0.643999993801116,
      "perLevel": 0.0
    },
    "attackRange": {
      "flat": 125.0,
      "perLevel": 0.0
    },
    "aramDamageTaken": {
      "flat": 0.95,
      "perLevel": 0.0
    },
    "aramDamageDealt": {
      "flat": 1.05,
      "perLevel": 0.0
    },
    "urfDamageTaken": {
      "flat": 1.05,
      "perLevel": 0.0
    },
    "urfDamageDealt": {
      "flat": 0.95,
      "perLevel": 0.0
    }
  },
  "abilities": {
    "P": [
      {
        "cooldown": {
          "attribute": null,
          "modifiers": [
            {
              "units": [
                "",
                "",
                "",
                "",
                "",
                "",
                "",
                "",
                "",
                "",
                "",
                "",
                "",
                "",
                "",
                "",
                "",
                ""
              ],
              "values": [
                16.0,
                15.764705882352942,
                15.529411764705882,
                15.294117647058824,
                15.058823529411764,
                14.823529411764708,
                14.588235294117649,
                14.352941176470589,
                14.117647058823527,
                13.882352941176473,
                13.647058823529411,
                13.411764705882351,
                13.176470588235292,
                12.941176470588236,
                12.705882352941178,
                12.470588235294118,
                12.235294117647058,
                12.0
              ]
            }
          ]
        },
        "damageType": null,
        "effects": [
          {
            "description": "Blast Shield's cooldown is reduced by 4 seconds each time Denting Blows is consumed.",
            "leveling": []
          },
          {
            "description": "Innate: Periodically, Vi's next ability hit grants her a shield equal to 12% of her maximum health for 3 seconds.",
            "leveling": []
          }
        ],
        "name": "Blast Shield"
      }
    ],
    "Q": [
      {
        "cooldown": {
          "attribute": null,
          "modifiers": [
            {
              "units": [
                "",
                "",
                "",
                "",
                ""
              ],
              "values": [
                12.0,
                10.5,
                9.0,
                7.5,
                6.0
              ]
            }
          ]
        },
        "damageType": "PHYSICAL_DAMAGE",
        "effects": [
          {
            "description": "Active: Vi charges while being slowed by 15% for up to 4 seconds to increase Vault Breaker's range, speed, and damage over the first 1.25 seconds of the channel.",
            "leveling": []
          },
          {
            "description": "Recast: Vi dashes in the target direction to deal physical damage to enemies within her path, increased by 0% : 150% (based on channel time), and pull all non-champions hit towards her.",
            "leveling": [
              {
                "attribute": "Maximum Physical Damage",
                "modifiers": [
                  {
                    "units": [
                      "",
                      "",
                      "",
                      "",
                      ""
                    ],
                    "values": [
                      100.0,
                      150.0,
                      200.0,
                      250.0,
                      300.0
                    ]
                  },
                  {
                    "units": [
                      "% bonus AD",
                      "% bonus AD",
                      "% bonus AD",
                      "% bonus AD",
                      "% bonus AD"
                    ],
                    "values": [
                      150.0,
                      150.0,
                      150.0,
                      150.0,
                      150.0
                    ]
                  }
                ]
              },
              {
                "attribute": "Minimum Physical Damage",
                "modifiers": [
                  {
                    "units": [
                      "",
                      "",
                      "",
                      "",
                      ""
                    ],
                    "values": [
                      40.0,
                      60.0,
                      80.0,
                      100.0,
                      120.0
                    ]
                  },
                  {
                    "units": [
                      "% bonus AD",
                      "% bonus AD",
                      "% bonus AD",
                      "% bonus AD",
                      "% bonus AD"
                    ],
                    "values": [
                      60.0,
                      60.0,
                      60.0,
                      60.0,
                      60.0
                    ]
                  }
                ]
              }
            ]
          },
          {
            "description": "Relentless Force and Cease and Desist can be cast during the dash.",
            "leveling": []
          },
          {
            "description": "She stops upon hitting an enemy champion, knocking them back over 0.75 seconds.",
            "leveling": []
          },
          {
            "description": "Vault Breaker can be recast within the duration. If the charge completes without reactivation, Vault Breaker is cancelled, 50% of the mana cost is refunded, and it is placed on full cooldown. If the charge is interrupted, 50% of the mana cost is refunded and it is placed on a 3-second cooldown.",
            "leveling": []
          }
        ],
        "name": "Vault Breaker"
      }
    ],
    "W": [
      {
        "cooldown": null,
        "damageType": "PHYSICAL_DAMAGE",
        "effects": [
          {
            "description": "After consuming Denting Blows, Vi gains bonus attack speed for 4 seconds, which refreshes on subsequent triggers.",
            "leveling": [
              {
                "attribute": "Bonus Attack Speed",
                "modifiers": [
                  {
                    "units": [
                      "%",
                      "%",
                      "%",
                      "%",
                      "%"
                    ],
                    "values": [
                      30.0,
                      35.0,
                      40.0,
                      45.0,
                      50.0
                    ]
                  }
                ]
              }
            ]
          },
          {
            "description": "Passive: Vi's basic attacks on-hit and Vault Breaker apply a stack of Denting Blows to enemies hit for 4 seconds, refreshing on subsequent applications and stacking up to 3 times. The third stack consumes them all to deal bonus physical damage, capped at 300 against non-champions, and inflict 20% armor reduction for 4 seconds.",